clean_file,noise_file,snr_original,snr_gauss,imp_gauss,rmse_gauss,snr_butter,imp_butter,rmse_butter,snr_specgate,imp_specgate,rmse_specgate,snr_wavelet,imp_wavelet,rmse_wavelet
Speech1,Sprinkler,8.59802451223677,8.306890121577993,-0.291134390658776,0.05035646193838113,8.4832713774099,-0.11475313482687,0.049344203833360044,9.794771615775065,1.1967471035382964,0.04242883763191494,8.503497132258675,-0.09452737997809457,0.04922943577553969
Speech1,Keyboard,20.16857428416117,16.10597534300441,-4.062598941156761,0.020516390080472877,19.899024156329347,-0.26955012783182397,0.013257099232694695,13.72240736507145,-6.44616691908972,0.026994752291191533,18.31156335173385,-1.8570109324273218,0.01591554618955417
Speech1,WaterDrop,15.895879465603462,13.24683194330098,-2.6490475223024816,0.0285139981932088,15.780158439249924,-0.11572102635353865,0.02130059784376245,12.243072825256975,-3.652806640346487,0.032007081349015455,14.323084802136126,-1.5727946634673362,0.02519100388054466
Speech1,FireCrackle,4.036189409925292,4.094898323001912,0.05870891307661985,0.08178144856060844,3.550182957408979,-0.486006452516313,0.08707441533340902,6.784684317388352,2.7484949074630602,0.060001968557429626,4.178133187682306,0.14194377775701383,0.08100149892464735
Speech1,Chainsaw,0.9385941943526315,1.7793259283483973,0.8407317339957658,0.10676610973178016,0.932390181697622,-0.006204012655009472,0.11770101440665284,0.7556150511368603,-0.18297914321577113,0.1201210064553679,2.6630620570940415,1.72446786274141,0.09643764847782639
Speech2,Sprinkler,15.497849888764076,14.777496535856564,-0.7203533529075123,0.025830145817942223,15.392761795787317,-0.10508809297675903,0.024063765950598535,12.957144255145947,-2.5407056336181295,0.031852569495556024,14.581591586080688,-0.9162583026833886,0.026419348600247555
Speech2,Keyboard,25.49778000827482,20.721765532905827,-4.776014475368992,0.013029069719633532,25.032794076494326,-0.4649859317804932,0.007931621491323012,14.304692167582564,-11.193087840692256,0.027275145517453234,23.304171365391117,-2.193608642883703,0.009678167104209136
Speech2,WaterDrop,25.526921174534568,20.608347964941874,-4.918573209592694,0.013200314741775857,25.05681701192692,-0.4701041626076474,0.007909714975331028,14.350673491288578,-11.17624768324599,0.02713113798366748,23.405678400965865,-2.121242773568703,0.009565722207541807
Speech2,FireCrackle,10.556732199930565,10.407628761278245,-0.14910343865232,0.042718918238152485,10.373121921324701,-0.18361027860586354,0.04288896723950894,11.02844154021011,0.4717093402795456,0.03977219935993415,10.509505560328913,-0.047226639601651854,0.04222079500289597
Speech2,Chainsaw,6.781782814049859,7.619791366996499,0.8380085529466399,0.05888600836629204,5.562216202478075,-1.2195666115717847,0.07462612213283873,6.1598359717627,-0.6219468422871595,0.06966423719948783,8.374256297252163,1.592473483202304,0.05398695959389983
Speech3,Sprinkler,8.352105076273917,3.177247215854715,-5.174857860419202,0.05016864286137808,8.09721159740208,-0.25489347887183733,0.02847305937661565,12.881158874883564,4.529053798609647,0.016414844384673326,6.026735419981661,-2.3253696562922554,0.03613748651760143
Speech3,Keyboard,17.45790397801086,4.386634276150565,-13.071269701860297,0.04364786444151299,17.3424791303528,-0.11542484765806194,0.009821340253442041,16.824922206698684,-0.6329817713121777,0.010424340850678327,10.406330392908371,-7.05157358510249,0.021826203193688856
Speech3,WaterDrop,16.334745175955224,4.329143701431008,-12.005601474524216,0.04393772117936873,16.321106978054498,-0.013638197900725402,0.01104687309056231,15.720197182009406,-0.614547993945818,0.011838177693857695,10.462734313908815,-5.872010862046409,0.02168492867130474
Speech3,FireCrackle,4.2591630403358005,1.493437359509677,-2.7657256808261232,0.06090077869354344,4.2494368036499095,-0.00972623668589101,0.04434277555166618,10.527523974245547,6.268360933909746,0.021523778541581596,3.974403333567495,-0.2847597067683054,0.045769329153719125
Speech3,Chainsaw,2.7657564611127756,1.0123768737993348,-1.7533795873134408,0.0643688677519651,2.763274475626184,-0.0024819854865918423,0.05261759451833022,2.887748946932454,0.12199248581967836,0.051868927281950715,3.247212588425775,0.48145612731299936,0.04976615458314768
Speech4,Sprinkler,16.37792320881048,14.75942836555084,-1.61849484325964,0.025691185778199035,16.262118580049318,-0.11580462876116115,0.02160974483846443,15.633957596032591,-0.7439656127778882,0.023230453500232243,14.157466553120381,-2.220456655690098,0.027534819903085553
Speech4,Keyboard,25.249094699241002,18.97828060021965,-6.270814099021351,0.015806711905763788,25.191842563426697,-0.05725213581430566,0.00772971425692843,20.857929860158922,-4.39116483908208,0.01273089906409564,22.225638346015664,-3.0234563532253382,0.010876111483560193
Speech4,WaterDrop,24.88836195931723,18.840184920507927,-6.048177038809303,0.016060028878288998,24.852929225987687,-0.035432733329543,0.008037280151774717,20.975316750949908,-3.913045208367322,0.012560002630180946,22.34395644420118,-2.5444055151160505,0.010728962953113416
Speech4,FireCrackle,10.881268656118019,10.688429692513475,-0.19283896360454378,0.041051977600777494,10.677544304809125,-0.2037243513088942,0.041103457281093894,13.81412279076156,2.9328541346435415,0.028645039691320692,11.061895548766927,0.18062689264890786,0.039324280970220366
Speech4,Chainsaw,7.671494987310938,8.307427335514877,0.635932348203939,0.05399881148760539,7.633805897301058,-0.037689090009879855,0.05835328007396152,7.620150044729201,-0.0513449425817365,0.058445094564049165,9.436763830883653,1.7652688435727146,0.047415177025990504
Speech5,Sprinkler,13.090852417209167,12.468886963844106,-0.6219654533650605,0.02998979226944528,13.084631391595538,-0.0062210256136285835,0.02793741609489304,15.065484167222374,1.9746317500132076,0.022240451388585696,12.705228915829217,-0.38562350137994983,0.029184775703804282
Speech5,Keyboard,22.73454081862966,18.497766540612623,-4.236774278017037,0.014980609337988183,22.73439414326542,-0.0001466753642418439,0.00919809940139613,22.612105171398206,-0.12243564723145539,0.009328515707913064,22.083462019756332,-0.6510787988733284,0.009913903899275375
Speech5,FireCrackle,8.035524437269544,8.043446102793245,0.007921665523701549,0.04991665796009727,8.020447468640272,-0.015076968629271548,0.05004900320171917,12.033660677883976,3.998136240614432,0.03153078417427669,8.217223570261847,0.18169913299230345,0.04892790575762503
Speech5,Chainsaw,5.655408743972781,6.391967189183633,0.7365584452108527,0.060369759576385226,5.623245670559953,-0.032163073412827536,0.0659561841977238,5.654511631740564,-0.000897112232216557,0.0657191933442342,6.883561945371909,1.2281532013991283,0.0570479060821407
Speech6,Sprinkler,10.041704399033245,9.538588064864806,-0.503116334168439,0.04424543187483501,10.035016344022106,-0.006688055011139227,0.041787561099439596,14.095909813964212,4.054205414930967,0.02618197182104292,10.001376586036667,-0.04032781299657806,0.041949714793059624
Speech6,Keyboard,18.82595973816835,15.632961903782315,-3.192997834386036,0.02193561154334982,18.82671065690737,0.000750918739019113,0.015186661360902997,18.92521536365384,0.09925562548549038,0.015015405795444652,18.353198825840686,-0.47276091232766504,0.016037545462812084
Speech6,WaterDrop,19.31344537202719,15.64016194693567,-3.673283425091519,0.021917435868269497,19.30793681725509,-0.005508554772099217,0.014368154885322042,19.323832316969312,0.010386944942123222,0.014341884674826862,18.713655516478077,-0.5997898555491119,0.015385622271507587
Speech6,FireCrackle,5.2559450833934545,5.305707360622306,0.04976227722885174,0.07202984392968265,5.240056351194285,-0.015888732199169198,0.07257633350749204,10.49283342321112,5.236888339817666,0.03964205599526581,5.436900410108063,0.18095532671460823,0.07095006886054653
Speech6,Chainsaw,3.1584188876629677,3.865115222467577,0.7066963348046094,0.08502410727493422,2.113553412533954,-1.0448654751290136,0.1040207956087531,3.213611887858625,0.055193000195657316,0.09164678775202467,4.544276557305093,1.385857669642125,0.07862922840824425
